Identificador de URL;Nome;Categorias;Preço;Preço promocional;Peso (kg);Largura (cm);Comprimento (cm);Altura (cm);Exibir na loja;Estoque;SKU;Código de barras;Descrição;Tags;Título para SEO;Descrição para SEO;Marca;URL da imagem principal;URLs de imagens adicionais
"effervescent-100ml";"Effervescent";"Linha Niche";"177.00";"188.00";"0.350";"8";"8";"15";"SIM";"50";"GLZ-250827081";"";"<p>EFFERVESCENT – LAB 8 NICHE 🍋 Desperte seus sentidos com a explosão vibrante do Effervescent, a nova joia da LAB 8 NICHE! Há fragr&acirc;ncias cítricas. E há fragr&acirc;ncias que redefinem o que o cítrico pode ser. O EFFERVESCENT pertence à segunda categoria — e não é por acaso! Uma fragr&acirc;ncia compartilhável, com projeção e fixação que surpreendem e uma assinatura olfativa que vibra na pele, atrai elogios espont&acirc;neos e permanece na memória de todos ao redor.</p><p><strong>Família Olfativa:</strong> Oriental</p><p><strong>Notas de Topo:</strong> </p><p><strong>Notas de Coração:</strong> </p><p><strong>Notas de Fundo:</strong> </p>";"niche, cítrico-amadeirado-ambarado-–-compartilhável, perfume, alta-fixacao, lab-8";"Effervescent | Glitz Alta Perfumaria";"Compre Effervescent na Glitz Perfumaria com o melhor preço e fixação extrema.";"Glitz";"";""
"perfumes-masculinos-perfume-lab-8-eau-de-miako-100ml";"Eau de Miyako";"Perfumes Masculinos";"147.00";"158.00";"0.350";"8";"8";"15";"SIM";"50";"GLZ-169333999";"";"<p>EAU DE MIYAKO – LAB 8 🌊 Existem lugares que não precisam ser visitados para serem sentidos. Miyako-jima é um desses lugares. Uma ilha no extremo sul do Japão, cercada por águas de um azul impossível, onde o horizonte se dissolve entre o céu e o mar com uma beleza que desafia qualquer descrição. O EAU DE MIYAKO nasceu dessa visão, uma fragr&acirc;ncia que captura não apenas o frescor do oceano, mas toda a serenidade, a profundidade e a eleg&acirc;ncia silenciosa de um paraíso que poucos conhecem.</p><p><strong>Família Olfativa:</strong> Oriental</p><p><strong>Notas de Topo:</strong> </p><p><strong>Notas de Coração:</strong> </p><p><strong>Notas de Fundo:</strong> </p>";"masculinos, aquático-cítrico-amadeirado-–-masculino, perfume, alta-fixacao, lab-8";"Eau de Miyako | Glitz Alta Perfumaria";"Compre Eau de Miyako na Glitz Perfumaria com o melhor preço e fixação extrema.";"Glitz";"";""
"perfumes-masculinos-perfume-lab-8-jobs-100ml";"Jobs Intense";"Perfumes Masculinos";"147.00";"158.00";"0.350";"8";"8";"15";"SIM";"50";"GLZ-169334000";"";"<p>JOBS INTENSE – LAB 8 🖤 Intensidade não é volume. É profundidade. O JOBS INTENSE foi criado para o homem que compreende essa diferença. Uma fragr&acirc;ncia que não precisa gritar para dominar o ambiente — ela simplesmente se instala, evolui e permanece com uma presença que é ao mesmo tempo irresistível e sofisticada.</p><p><strong>Família Olfativa:</strong> Oriental</p><p><strong>Notas de Topo:</strong> </p><p><strong>Notas de Coração:</strong> </p><p><strong>Notas de Fundo:</strong> </p>";"masculinos, amadeirado-especiado-–-masculino, perfume, alta-fixacao, lab-8";"Jobs Intense | Glitz Alta Perfumaria";"Compre Jobs Intense na Glitz Perfumaria com o melhor preço e fixação extrema.";"Glitz";"";""
"effervescent-summer-100ml";"Effervescent Summer";"Linha Niche";"177.00";"188.00";"0.350";"8";"8";"15";"SIM";"50";"GLZ-327989758";"";"<p>EFFERVESCENT SUMMER – LAB 8 NICHE Se você está procurando aquele perfume que arranca elogios no primeiro spray&hellip; pode parar por aqui. nasce da fusão de dois universos olfativos de nicho simplesmente sensacionais: de um lado, o frutado tropical envolvente, suculento, vibrante. Do outro, o cítrico luminoso, energizante, que abre a fragr&acirc;ncia com aquele brilho quase efervescente na pele. O resultado? Um</p><p><strong>Família Olfativa:</strong> Oriental</p><p><strong>Notas de Topo:</strong> </p><p><strong>Notas de Coração:</strong> </p><p><strong>Notas de Fundo:</strong> </p>";"niche, cítrico-frutado-gourmand-–-compartilhável, perfume, alta-fixacao, lab-8";"Effervescent Summer | Glitz Alta Perfumaria";"Compre Effervescent Summer na Glitz Perfumaria com o melhor preço e fixação extrema.";"Glitz";"";""
"perfumes-masculinos-100ml-perfume-savana-100ml";"Savana";"Perfumes Masculinos";"147.00";"158.00";"0.350";"8";"8";"15";"SIM";"50";"GLZ-169334008";"";"<p>Há uma força que não precisa se anunciar. Ela simplesmente existe. O SAVANA foi criado para capturar exatamente isso: a energia silenciosa e poderosa de uma paisagem que impressiona não pelo barulho, mas pela grandiosidade. Uma fragr&acirc;ncia que carrega a vastidão, a liberdade e a nobreza selvagem de quem não precisa de moldura para se destacar. Cítrico na abertura, aromático e herbal no coração e com uma base amadeirada e ambarada que se funde à pele com eleg&acirc;ncia — moderado na intensidade, generoso na presença.</p><p><strong>Família Olfativa:</strong> Oriental</p><p><strong>Notas de Topo:</strong> </p><p><strong>Notas de Coração:</strong> </p><p><strong>Notas de Fundo:</strong> </p>";"masculinos, cítrico-aromático-–-compartilhável, perfume, alta-fixacao, lab-8";"Savana | Glitz Alta Perfumaria";"Compre Savana na Glitz Perfumaria com o melhor preço e fixação extrema.";"Glitz";"";""
"perfumes-masculinos-blue-de-lab-8-100ml";"Blue";"Perfumes Masculinos";"147.00";"158.00";"0.350";"8";"8";"15";"SIM";"50";"GLZ-169328141";"";"<p>Eleg&acirc;ncia verdadeira não anuncia sua chegada. Ela simplesmente se impõe. O BLUE foi criado para o homem que compreende essa distinção. Não a eleg&acirc;ncia que se performa para ser notada — a eleg&acirc;ncia que nasce de dentro, que se manifesta na postura, na escolha e na assinatura olfativa que permanece muito depois da sua saída. Uma fragr&acirc;ncia que não compete por atenção. Ela simplesmente a conquista. Aromático, sofisticado e construído sobre uma base resinosa e amadeirada de rara profundidade, o BLUE é a escolha do homem que transita entre mundos diferentes com a mesma compostura: da reunião ao jantar, do dia à noite, do escritório ao encontro que importa.</p><p><strong>Família Olfativa:</strong> Oriental</p><p><strong>Notas de Topo:</strong> </p><p><strong>Notas de Coração:</strong> </p><p><strong>Notas de Fundo:</strong> </p>";"masculinos, aromático-amadeirado-–-compartilhável, perfume, alta-fixacao, lab-8";"Blue | Glitz Alta Perfumaria";"Compre Blue na Glitz Perfumaria com o melhor preço e fixação extrema.";"Glitz";"";""
"perfume-lab-8-codigo-8-100-ml";"Código 8";"Perfumes Masculinos";"147.00";"158.00";"0.350";"8";"8";"15";"SIM";"50";"GLZ-184589600";"";"<p>Regras existem para quem precisa delas. O CÓDIGO 8 foi criado para o homem que já superou essa etapa. Amadeirado, aromático e com uma abertura cítrica que desperta os sentidos com precisão cirúrgica — moderado na intensidade, generoso na presença. Versátil o suficiente para o dia. Sofisticado o suficiente para a noite. Marcante o suficiente para ser lembrado sempre. Amadeirado Aromático – Masculino</p><p><strong>Família Olfativa:</strong> Oriental</p><p><strong>Notas de Topo:</strong> </p><p><strong>Notas de Coração:</strong> </p><p><strong>Notas de Fundo:</strong> </p>";"masculinos, amadeirado-aromático-–-masculino, perfume, alta-fixacao, lab-8";"Código 8 | Glitz Alta Perfumaria";"Compre Código 8 na Glitz Perfumaria com o melhor preço e fixação extrema.";"Glitz";"";""
"perfumes-masculinos-perfume-lab-8-allumer-100ml";"Allumer";"Perfumes Masculinos";"147.00";"158.00";"0.350";"8";"8";"15";"SIM";"50";"GLZ-169333984";"";"<p>ALLUMER SPORT – LAB 8 🌊 Liberdade não se explica. Se sente. O ALLUMER SPORT foi criado para o homem que não precisa de palco para ser notado. Ele carrega consigo uma energia natural, uma leveza de quem está em paz com quem é e uma presença que atrai sem forçar. Uma fragr&acirc;ncia que respira frescor, mas que guarda profundidade, exatamente como o homem que a usa.</p><p><strong>Família Olfativa:</strong> Oriental</p><p><strong>Notas de Topo:</strong> </p><p><strong>Notas de Coração:</strong> </p><p><strong>Notas de Fundo:</strong> </p>";"masculinos, amadeirado-especiado-–-compartilhável, perfume, alta-fixacao, lab-8";"Allumer | Glitz Alta Perfumaria";"Compre Allumer na Glitz Perfumaria com o melhor preço e fixação extrema.";"Glitz";"";""
"perfumes-masculinos-100ml-perfume-deep-ventus-100ml";"Deep Ventus";"Linha Niche";"147.00";"158.00";"0.350";"8";"8";"15";"SIM";"50";"GLZ-169333995";"";"<p>DEEP VENTUS – LAB 8 🌬️ Há uma diferença entre estar presente e deixar uma marca. O DEEP VENTUS foi criado para quem entende essa distinção. Uma fragr&acirc;ncia que não se contenta em apenas existir no ambiente — ela o transforma. Cítrica na abertura, profunda no coração e esfumaçada na base, é uma composição que carrega a dualidade perfeita entre frescor e mistério, entre leveza e presença.</p><p><strong>Família Olfativa:</strong> Oriental</p><p><strong>Notas de Topo:</strong> </p><p><strong>Notas de Coração:</strong> </p><p><strong>Notas de Fundo:</strong> </p>";"niche, chipre-frutado-–-compartilhável, perfume, alta-fixacao, lab-8";"Deep Ventus | Glitz Alta Perfumaria";"Compre Deep Ventus na Glitz Perfumaria com o melhor preço e fixação extrema.";"Glitz";"";""
"perfumes-masculinos-100ml-perfume-acqua-di-otto-100ml";"Acqua di Otto";"Perfumes Masculinos";"147.00";"158.00";"0.350";"8";"8";"15";"SIM";"50";"GLZ-169333982";"";"<p>ACQUA DI OTTO – LAB 8 🌊 Existem perfumes que você usa. E existem perfumes que você sente. O ACQUA DI OTTO pertence à segunda categoria. Ele não imita o frescor — ele o recria com uma precisão sensorial que vai além do olfato. É a memória de uma manhã à beira-mar, o vento que carrega sal e cítrico, a leveza de um dia que começa com energia e termina com eleg&acirc;ncia.</p><p><strong>Família Olfativa:</strong> Oriental</p><p><strong>Notas de Topo:</strong> </p><p><strong>Notas de Coração:</strong> </p><p><strong>Notas de Fundo:</strong> </p>";"masculinos, aquático-cítrico-–-compartilhável, perfume, alta-fixacao, lab-8";"Acqua di Otto | Glitz Alta Perfumaria";"Compre Acqua di Otto na Glitz Perfumaria com o melhor preço e fixação extrema.";"Glitz";"";""
"perfume-lab-8-jobs-elixir-100ml";"Jobs Elixir";"Perfumes Masculinos";"147.00";"158.00";"0.350";"8";"8";"15";"SIM";"50";"GLZ-207993276";"";"<p>JOBS ELIXIR – LAB 8 👑 O sucesso não é por acaso; é uma escolha de presença. Quem compreende a alta perfumaria reconhece que a verdadeira sofisticação não se revela no primeiro impacto, mas sim na persistência. Ela se manifesta na forma como a fragr&acirc;ncia evolui na pele ao longo das horas, na memória olfativa que permanece no ambiente e nos elogios espont&acirc;neos que surgem quando você menos espera.</p><p><strong>Família Olfativa:</strong> Oriental</p><p><strong>Notas de Topo:</strong> </p><p><strong>Notas de Coração:</strong> </p><p><strong>Notas de Fundo:</strong> </p>";"masculinos, amadeirado-&acirc;mbar-especiado-–-masculino, perfume, alta-fixacao, lab-8";"Jobs Elixir | Glitz Alta Perfumaria";"Compre Jobs Elixir na Glitz Perfumaria com o melhor preço e fixação extrema.";"Glitz";"";""
"dom-8-100ml";"DOM 8";"Perfumes Masculinos";"147.00";"158.00";"0.350";"8";"8";"15";"SIM";"50";"GLZ-279787281";"";"<p>DOM 8 HOMME – LAB 8 🖤 O homem que chegou não precisa anunciar sua presença. O DOM 8 HOMME foi criado para esse homem. Para quem carrega autoconfiança não como postura, mas como natureza — e entende que a masculinidade mais poderosa é aquela que não precisa se impor. Sofisticada sem ser distante. Marcante sem ser exagerada. A expressão olfativa do homem que evoluiu além dos clichês.</p><p><strong>Família Olfativa:</strong> Oriental</p><p><strong>Notas de Topo:</strong> </p><p><strong>Notas de Coração:</strong> </p><p><strong>Notas de Fundo:</strong> </p>";"masculinos, oriental-masculino-–-masculino, perfume, alta-fixacao, lab-8";"DOM 8 | Glitz Alta Perfumaria";"Compre DOM 8 na Glitz Perfumaria com o melhor preço e fixação extrema.";"Glitz";"";""
"perfumes-masculinos-perfume-lab-8-bullet-100ml";"Bullet";"Perfumes Masculinos";"147.00";"158.00";"0.350";"8";"8";"15";"SIM";"50";"GLZ-169333990";"";"<p>Alguns homens seguem o caminho. Outros abrem o próprio. O BULLET foi criado para o homem que não espera permissão, que age antes de pensar duas vezes e que carrega uma energia tão magnética que o ambiente muda quando ele entra. Uma fragr&acirc;ncia que não pede licença — ela simplesmente chega, marca e permanece. Intenso, adocicado e com uma profundidade amadeirada que cresce na pele ao longo do dia, o BULLET é a expressão olfativa da autoconfiança em seu estado mais puro. Não é um perfume para quem quer se encaixar. É para quem foi feito para se destacar.</p><p><strong>Família Olfativa:</strong> Oriental</p><p><strong>Notas de Topo:</strong> </p><p><strong>Notas de Coração:</strong> </p><p><strong>Notas de Fundo:</strong> </p>";"masculinos, amadeirado-especiado-–-masculino, perfume, alta-fixacao, lab-8";"Bullet | Glitz Alta Perfumaria";"Compre Bullet na Glitz Perfumaria com o melhor preço e fixação extrema.";"Glitz";"";""
"perfumes-femininos-100ml-perfume-diamant-lab-8-100ml";"Diamant";"Perfumes Femininos";"147.00";"158.00";"0.350";"8";"8";"15";"SIM";"50";"GLZ-169334015";"";"<p>Diamantes não precisam se apresentar. Eles simplesmente brilham. O DIAMANT foi criado para a mulher que carrega essa mesma qualidade: uma presença que não se anuncia, mas que ilumina qualquer ambiente em que entra. Marcante sem ser intensa, refrescante sem ser efêmera — uma fragr&acirc;ncia para a mulher que não precisa de muitas palavras. O perfume fala por ela. Floral Sofisticado – Feminino</p><p><strong>Família Olfativa:</strong> Oriental</p><p><strong>Notas de Topo:</strong> </p><p><strong>Notas de Coração:</strong> </p><p><strong>Notas de Fundo:</strong> </p>";"femininos, floral-sofisticado-–-feminino, perfume, alta-fixacao, lab-8";"Diamant | Glitz Alta Perfumaria";"Compre Diamant na Glitz Perfumaria com o melhor preço e fixação extrema.";"Glitz";"";""
"perfumes-femininos-perfume-lab-8-dolce-blue-100ml";"Dolce Blue";"Perfumes Femininos";"147.00";"158.00";"0.350";"8";"8";"15";"SIM";"50";"GLZ-169334019";"";"<p>DOLCE BLUE – LAB 8 💙 Frescor que não passa. Eleg&acirc;ncia que não cansa. O DOLCE BLUE foi criado para a mulher que vive com leveza e se move com estilo. Não é uma fragr&acirc;ncia que precisa de uma ocasião especial para ser usada — ela transforma qualquer momento em uma ocasião especial. Marcante sem ser invasiva, refrescante sem ser efêmera.</p><p><strong>Família Olfativa:</strong> Oriental</p><p><strong>Notas de Topo:</strong> </p><p><strong>Notas de Coração:</strong> </p><p><strong>Notas de Fundo:</strong> </p>";"femininos, cítrico-frutado-–-feminino-/-unissex, perfume, alta-fixacao, lab-8";"Dolce Blue | Glitz Alta Perfumaria";"Compre Dolce Blue na Glitz Perfumaria com o melhor preço e fixação extrema.";"Glitz";"";""
"perfume-lab-8-oud-premium-100-mlperfumes-unissex-perfume-lab-8-oud-premium-100ml";"Oud Premium";"Linha Árabe";"147.00";"158.00";"0.350";"8";"8";"15";"SIM";"50";"GLZ-169334005";"";"<p>OUD PREMIUM – LAB 8 🕌 Alguns perfumes chegam. O OUD PREMIUM permanece. Na hierarquia da alta perfumaria, o oud ocupa um lugar que nenhum outro ingrediente consegue disputar. Extraído de árvores centenárias, queimado em rituais sagrados e negociado como ouro líquido nos mercados do Oriente Médio, ele carrega consigo séculos de história, mistério e sedução. O OUD PREMIUM foi criado para traduzir toda essa riqueza em uma fragr&acirc;ncia contempor&acirc;nea, acessível e absolutamente extraordinária.</p><p><strong>Família Olfativa:</strong> Oriental</p><p><strong>Notas de Topo:</strong> </p><p><strong>Notas de Coração:</strong> </p><p><strong>Notas de Fundo:</strong> </p>";"arabe, &acirc;mbar-amadeirado-–-compartilhável, perfume, alta-fixacao, lab-8";"Oud Premium | Glitz Alta Perfumaria";"Compre Oud Premium na Glitz Perfumaria com o melhor preço e fixação extrema.";"Glitz";"";""
"perfume-fluy-provoking-100-ml";"Provoking - FLUY";"Compartilháveis";"167.00";"188.00";"0.350";"8";"8";"15";"SIM";"50";"GLZ-175249857";"";"<p>Há homens que chegam. E há homens que dominam a atmosfera. O PROVOKING foi criado para o segundo tipo. Para o homem cuja presença já diz tudo antes de qualquer palavra, cujo rastro olfativo permanece no ambiente muito depois de sua saída e cuja aura magnética é simplesmente impossível de ignorar. Alta fixação. Projeção intensa. Uma assinatura olfativa que não pede licença. &Acirc;mbar Especiado – Masculino</p><p><strong>Família Olfativa:</strong> Oriental</p><p><strong>Notas de Topo:</strong> </p><p><strong>Notas de Coração:</strong> </p><p><strong>Notas de Fundo:</strong> </p>";"compartilhaveis, &acirc;mbar-especiado-–-masculino, perfume, alta-fixacao, lab-8";"Provoking - FLUY | Glitz Alta Perfumaria";"Compre Provoking - FLUY na Glitz Perfumaria com o melhor preço e fixação extrema.";"Glitz";"";""
"perfumes-masculinos-infinity-intense-mem-fluy-100ml";"Infinity Intense Men - FLUY";"Perfumes Masculinos";"167.00";"188.00";"0.350";"8";"8";"15";"SIM";"50";"GLZ-169334035";"";"<p>INFINITY INTENSE MEN – FLUY 🔱 Poder não se declara. Se projeta. O INFINITY INTENSE MEN foi criado para o homem que compreende essa distinção. Uma fragr&acirc;ncia autoral e exclusiva da FLUY — não uma releitura, não uma inspiração — uma criação original que carrega em cada nota a filosofia de quem não aceita o ordinário como destino. Alta fixação. Projeção intensa. Uma assinatura olfativa que não pede licença — e não precisa.</p><p><strong>Família Olfativa:</strong> Oriental</p><p><strong>Notas de Topo:</strong> </p><p><strong>Notas de Coração:</strong> </p><p><strong>Notas de Fundo:</strong> </p>";"masculinos, oriental-foug&egrave;re-–-masculino, perfume, alta-fixacao, lab-8";"Infinity Intense Men - FLUY | Glitz Alta Perfumaria";"Compre Infinity Intense Men - FLUY na Glitz Perfumaria com o melhor preço e fixação extrema.";"Glitz";"";""
"perfumes-masculinos-perfume-lab-8-club-blue-100ml";"Club Blue";"Perfumes Masculinos";"147.00";"158.00";"0.350";"8";"8";"15";"SIM";"50";"GLZ-169333992";"";"<p>Sofisticação não é um destino. É uma postura. O CLUB BLUE foi criado para quem carrega eleg&acirc;ncia de forma natural, sem esforço, sem exagero. Este perfume amadeirado e aromático traz uma fusão única de notas aquáticas oce&acirc;nicas e cítricas, criando uma experiência olfativa que é ao mesmo tempo refrescante e envolvente.</p><p><strong>Família Olfativa:</strong> Oriental</p><p><strong>Notas de Topo:</strong> </p><p><strong>Notas de Coração:</strong> </p><p><strong>Notas de Fundo:</strong> </p>";"masculinos, amadeirado-aromático-–-compartilhável, perfume, alta-fixacao, lab-8";"Club Blue | Glitz Alta Perfumaria";"Compre Club Blue na Glitz Perfumaria com o melhor preço e fixação extrema.";"Glitz";"";""
"perfumes-femininos-100ml-madame-belle";"Madame & Belle";"Perfumes Femininos";"147.00";"158.00";"0.350";"8";"8";"15";"SIM";"50";"GLZ-169334028";"";"<p>MADAME & BELLE – LAB 8 🌺 Eleg&acirc;ncia não é uma postura. É uma identidade. O MADAME & BELLE foi criado para a mulher que compreende essa distinção. Não a eleg&acirc;ncia performática que se aprende — mas aquela que nasce de dentro, que se manifesta na forma como ela entra em um ambiente e como deixa sua marca em tudo que toca.</p><p><strong>Família Olfativa:</strong> Oriental</p><p><strong>Notas de Topo:</strong> </p><p><strong>Notas de Coração:</strong> </p><p><strong>Notas de Fundo:</strong> </p>";"femininos, oriental-amadeirada-–-feminino, perfume, alta-fixacao, lab-8";"Madame & Belle | Glitz Alta Perfumaria";"Compre Madame & Belle na Glitz Perfumaria com o melhor preço e fixação extrema.";"Glitz";"";""
"vision-100ml";"Vision";"Linha Niche";"177.00";"188.00";"0.350";"8";"8";"15";"SIM";"50";"GLZ-321427261";"";"<p>VISION – LAB 8 NICHE 🔭 Há uma diferença entre olhar e enxergar. O VISION foi criado para quem conhece essa distinção. Uma fragr&acirc;ncia que nasce da ideia de que a verdadeira sofisticação está na clareza — não no excesso, não na sobreposição, mas na precisão absoluta de cada nota, percebida com definição e pureza olfativa que poucas composições são capazes de entregar. Para o homem que antecipa, que age com intenção e que compreende que enxergar antes é, em si mesmo, uma forma de poder.</p><p><strong>Família Olfativa:</strong> Oriental</p><p><strong>Notas de Topo:</strong> </p><p><strong>Notas de Coração:</strong> </p><p><strong>Notas de Fundo:</strong> </p>";"niche, amadeirado-aromático, perfume, alta-fixacao, lab-8";"Vision | Glitz Alta Perfumaria";"Compre Vision na Glitz Perfumaria com o melhor preço e fixação extrema.";"Glitz";"";""
"the-rustic-100ml-fluy";"The Rustic - FLUY";"Perfumes Masculinos";"177.00";"188.00";"0.350";"8";"8";"15";"SIM";"50";"GLZ-268144009";"";"<p>Há uma masculinidade que não se aprende. Se nasce com ela. O THE RUSTIC foi criado para o homem que carrega essa verdade de forma natural e absolutamente inegável. Não a masculinidade performática que precisa se provar — a masculinidade sólida, enraizada e silenciosamente poderosa de quem sabe exatamente quem é. Amadeirado, especiado e com profundidade &acirc;mbar e incensado que se instala na pele como uma segunda natureza — selvagem na essência, elegante na execução. Amadeirado Intenso – Masculino</p><p><strong>Família Olfativa:</strong> Oriental</p><p><strong>Notas de Topo:</strong> </p><p><strong>Notas de Coração:</strong> </p><p><strong>Notas de Fundo:</strong> </p>";"masculinos, amadeirado-intenso-–-masculino, perfume, alta-fixacao, lab-8";"The Rustic - FLUY | Glitz Alta Perfumaria";"Compre The Rustic - FLUY na Glitz Perfumaria com o melhor preço e fixação extrema.";"Glitz";"";""
"perfumes-masculinos-perfume-lab-8-wood-green-100ml";"Perfume Masculino Wood Green Lab 8 Essencial";"Perfumes Masculinos";"147.00";"158.00";"0.350";"8";"8";"15";"SIM";"50";"GLZ-169334010";"";"<p>A fragrância Perfume Masculino Wood Green 100 ml Lab 8 Essencial da LAB 8 foi desenvolvida com matérias-primas nobres para proporcionar uma experiência olfativa sofisticada e duradoura.</p><p><strong>Família Olfativa:</strong> Oriental</p><p><strong>Notas de Topo:</strong> </p><p><strong>Notas de Coração:</strong> </p><p><strong>Notas de Fundo:</strong> </p>";"masculinos, amadeirado-aromático, perfume, alta-fixacao, lab-8";"Perfume Masculino Wood Green Lab 8 Essencial | Glitz Alta Perfumaria";"Compre Perfume Masculino Wood Green Lab 8 Essencial na Glitz Perfumaria com o melhor preço e fixação extrema.";"Glitz";"";""
"perfumes-femininos-100ml-perfume-la-vitta-e-bella";"La Vita";"Perfumes Femininos";"147.00";"158.00";"0.350";"8";"8";"15";"SIM";"50";"GLZ-169334026";"";"<p>O LA VITA foi criado para a mulher que encontra beleza no cotidiano, que transforma momentos simples em memórias inesquecíveis e que carrega consigo uma alegria de viver que é, em si mesma, uma forma de sedução. Frutada na abertura, floral e sofisticada no coração e com uma base gourmand que envolve a pele como um abraço quente e adocicado — intenso, marcante e absolutamente inesquecível. Floral Frutado – Feminino</p><p><strong>Família Olfativa:</strong> Oriental</p><p><strong>Notas de Topo:</strong> </p><p><strong>Notas de Coração:</strong> </p><p><strong>Notas de Fundo:</strong> </p>";"femininos, floral-frutado-–-feminino, perfume, alta-fixacao, lab-8";"La Vita | Glitz Alta Perfumaria";"Compre La Vita na Glitz Perfumaria com o melhor preço e fixação extrema.";"Glitz";"";""
"enigma-perfeito-100-ml";"Enigma Perfeito";"Linha Árabe";"147.00";"158.00";"0.350";"8";"8";"15";"SIM";"50";"GLZ-279788533";"";"<p>ENIGMA PERFEITO – LAB 8 🌙 Algumas mulheres se explicam. Outras simplesmente existem — e isso é mais do que suficiente. O ENIGMA PERFEITO foi criado para a mulher que vive suas múltiplas facetas sem precisar justificá-las, que é ao mesmo tempo delicada e intensa, rom&acirc;ntica e ousada, clássica e absolutamente inesperada. Floral, frutada na abertura e com um fundo oriental baunilhado e &acirc;mbar que envolve a pele com profundidade quente, moderna e irresistível.</p><p><strong>Família Olfativa:</strong> Oriental</p><p><strong>Notas de Topo:</strong> </p><p><strong>Notas de Coração:</strong> </p><p><strong>Notas de Fundo:</strong> </p>";"arabe, oriental-floral-–-feminino, perfume, alta-fixacao, lab-8";"Enigma Perfeito | Glitz Alta Perfumaria";"Compre Enigma Perfeito na Glitz Perfumaria com o melhor preço e fixação extrema.";"Glitz";"";""
"perfume-lab-8-angeline-100ml";"Angeline";"Perfumes Femininos";"147.00";"158.00";"0.350";"8";"8";"15";"SIM";"50";"GLZ-169334012";"";"<p>O ANGELINE foi criado para a mulher que entra em um ambiente e transforma a atmosfera sem precisar dizer uma palavra. Que carrega consigo uma feminilidade intensa, doce e absolutamente irresistível — não como performance, mas como essência. Doce sem ser ingênua, intensa sem ser exagerada, marcante sem precisar de esforço. Uma fragr&acirc;ncia que não abandona quem a usa — e que ninguém que a sentiu consegue esquecer. Um perfume para a mulher poderosa e confiante. &Acirc;mbar Baunilha – Feminino</p><p><strong>Família Olfativa:</strong> Oriental</p><p><strong>Notas de Topo:</strong> </p><p><strong>Notas de Coração:</strong> </p><p><strong>Notas de Fundo:</strong> </p>";"femininos, &acirc;mbar-baunilha-–-feminino, perfume, alta-fixacao, lab-8";"Angeline | Glitz Alta Perfumaria";"Compre Angeline na Glitz Perfumaria com o melhor preço e fixação extrema.";"Glitz";"";""
"windstorm-100ml";"Windstorm";"Linha Niche";"177.00";"188.00";"0.350";"8";"8";"15";"SIM";"50";"GLZ-250827995";"";"<p>WINDSTORM – LAB 8 NICHE 🌪️ Algumas forças da natureza não pedem permissão para chegar. O WINDSTORM foi criado sob essa premissa. Uma fragr&acirc;ncia que não se anuncia — ela simplesmente irrompe, envolve e transforma o ambiente com a energia inevitável de uma tempestade que se forma no horizonte. Totalmente compartilhável, para qualquer pessoa que aprecia fragr&acirc;ncias de nicho com personalidade genuína.</p><p><strong>Família Olfativa:</strong> Oriental</p><p><strong>Notas de Topo:</strong> </p><p><strong>Notas de Coração:</strong> </p><p><strong>Notas de Fundo:</strong> </p>";"niche, cítrico-especiado-ambarado, perfume, alta-fixacao, lab-8";"Windstorm | Glitz Alta Perfumaria";"Compre Windstorm na Glitz Perfumaria com o melhor preço e fixação extrema.";"Glitz";"";""
"enigmatico-100ml";"Enigmático";"Linha Árabe";"147.00";"158.00";"0.350";"8";"8";"15";"SIM";"50";"GLZ-305717922";"";"<p>ENIGMÁTICO – LAB 8 💚 O poder mais sofisticado não se anuncia. Ele simplesmente é sentido. O ENIGMÁTICO foi criado para o homem que compreende essa distinção. Uma fragr&acirc;ncia moderna, marcante e envolvente que não pede licença para causar impacto — ela simplesmente chega, instala-se e permanece de forma absolutamente inegável. Oriental, amadeirada e com uma construção olfativa que desafia as convenções da perfumaria tradicional.</p><p><strong>Família Olfativa:</strong> Oriental</p><p><strong>Notas de Topo:</strong> </p><p><strong>Notas de Coração:</strong> </p><p><strong>Notas de Fundo:</strong> </p>";"arabe, amadeirado-aromático, perfume, alta-fixacao, lab-8";"Enigmático | Glitz Alta Perfumaria";"Compre Enigmático na Glitz Perfumaria com o melhor preço e fixação extrema.";"Glitz";"";""
"perfumes-femininos-perfume-lab-8-miss-sunshine-100ml";"Miss Sunshine";"Perfumes Femininos";"147.00";"158.00";"0.350";"8";"8";"15";"SIM";"50";"GLZ-169334030";"";"<p>MISS SUNSHINE LAB 8 ☀️ O MISS SUNSHINE foi criado para a mulher alegre sem ser ingênua, doce sem ser óbvia, marcante sem precisar de esforço — uma fragr&acirc;ncia que sorri. E que faz todo mundo ao redor sorrir também.Delicada e sofisticada na medida certa! Chipre Frutado – Feminino</p><p><strong>Família Olfativa:</strong> Oriental</p><p><strong>Notas de Topo:</strong> </p><p><strong>Notas de Coração:</strong> </p><p><strong>Notas de Fundo:</strong> </p>";"femininos, chipre-frutado-–-feminino, perfume, alta-fixacao, lab-8";"Miss Sunshine | Glitz Alta Perfumaria";"Compre Miss Sunshine na Glitz Perfumaria com o melhor preço e fixação extrema.";"Glitz";"";""
"perfumes-unissex-perfume-lab-8-nectar-honey-100ml";"Nectar Honey";"Perfumes Femininos";"147.00";"158.00";"0.350";"8";"8";"15";"SIM";"50";"GLZ-169334032";"";"<p>NECTAR HONEY – LAB 8 🍯 Há fragr&acirc;ncias que perfumam a pele. E há fragr&acirc;ncias que a transformam. O NECTAR HONEY pertence à segunda categoria. Verde e cítrica na abertura, frutada e floral no coração, e com um fundo levemente adocicado e terroso que cria uma assinatura olfativa de rara eleg&acirc;ncia.</p><p><strong>Família Olfativa:</strong> Oriental</p><p><strong>Notas de Topo:</strong> </p><p><strong>Notas de Coração:</strong> </p><p><strong>Notas de Fundo:</strong> </p>";"femininos, frutado-floral-gourmand-–-compartilhável, perfume, alta-fixacao, lab-8";"Nectar Honey | Glitz Alta Perfumaria";"Compre Nectar Honey na Glitz Perfumaria com o melhor preço e fixação extrema.";"Glitz";"";""
"perfume-lab-8-the-night-100ml";"The Night";"Linha Árabe";"147.00";"158.00";"0.350";"8";"8";"15";"SIM";"50";"GLZ-169334034";"";"<p>A noite tem uma linguagem própria. E THE NIGHT é a fragr&acirc;ncia criada para falá-la com fluência. Não é o perfume do dia que se arrasta até o anoitecer. É o que começa exatamente onde a luz termina — intensa, sensual e com uma profundidade que só se revela quando o mundo desacelera e os sentidos aguçam. Marcante. Viciante. Absolutamente irresistível.</p><p><strong>Família Olfativa:</strong> Oriental</p><p><strong>Notas de Topo:</strong> </p><p><strong>Notas de Coração:</strong> </p><p><strong>Notas de Fundo:</strong> </p>";"arabe, &acirc;mbar-baunilha-–-feminino, perfume, alta-fixacao, lab-8";"The Night | Glitz Alta Perfumaria";"Compre The Night na Glitz Perfumaria com o melhor preço e fixação extrema.";"Glitz";"";""
"strategy-100ml";"Strategy";"Linha Niche";"177.00";"188.00";"0.350";"8";"8";"15";"SIM";"50";"GLZ-342457960";"";"<p>STRATEGY – LAB 8 NICHE ♟️ O STRATEGY não é por acaso. Quem realmente entende de perfumaria sabe: fixação não se mede nos primeiros minutos. Ela aparece no fim do dia, permanece na roupa e surge nos comentários inesperados de quem sentiu o perfume passar.</p><p><strong>Família Olfativa:</strong> Oriental</p><p><strong>Notas de Topo:</strong> </p><p><strong>Notas de Coração:</strong> </p><p><strong>Notas de Fundo:</strong> </p>";"niche, amadeirado-baunilha-–-compartilhável, perfume, alta-fixacao, lab-8";"Strategy | Glitz Alta Perfumaria";"Compre Strategy na Glitz Perfumaria com o melhor preço e fixação extrema.";"Glitz";"";""
"spicy-flame-100ml";"Perfume Masculino Spicy Flame Lab 8 Essencial";"Perfumes Masculinos";"177.00";"188.00";"0.350";"8";"8";"15";"SIM";"50";"GLZ-250827795";"";"<p>A fragrância Perfume Masculino Spicy Flame 100 ml Lab 8 Essencial da LAB 8 foi desenvolvida com matérias-primas nobres para proporcionar uma experiência olfativa sofisticada e duradoura.</p><p><strong>Família Olfativa:</strong> Oriental</p><p><strong>Notas de Topo:</strong> </p><p><strong>Notas de Coração:</strong> </p><p><strong>Notas de Fundo:</strong> </p>";"masculinos, amadeirado-aromático, perfume, alta-fixacao, lab-8";"Perfume Masculino Spicy Flame Lab 8 Essencial | Glitz Alta Perfumaria";"Compre Perfume Masculino Spicy Flame Lab 8 Essencial na Glitz Perfumaria com o melhor preço e fixação extrema.";"Glitz";"";""
"pistacchio-intenso-100ml-fluy-parfum";"Pistacchio Intenso - FLUY";"Compartilháveis";"167.00";"188.00";"0.350";"8";"8";"15";"SIM";"50";"GLZ-222571606";"";"<p>PISTACCHIO INTENSO – FLUY 🍃 Existem aromas que seduzem. E existem aromas que viciam. O PISTACCHIO INTENSO pertence à segunda categoria — e você vai entender exatamente o que isso significa no momento em que a primeira borrifada tocar a sua pele. Uma fragr&acirc;ncia gourmand frutal de autoria exclusiva da FLUY, criada por um dos perfumistas mais renomados do Brasil para celebrar o universo dos aromas doces com a sofisticação e a profundidade que essa família olfativa merece.</p><p><strong>Família Olfativa:</strong> Oriental</p><p><strong>Notas de Topo:</strong> </p><p><strong>Notas de Coração:</strong> </p><p><strong>Notas de Fundo:</strong> </p>";"compartilhaveis, amadeirado-aromático, perfume, alta-fixacao, lab-8";"Pistacchio Intenso - FLUY | Glitz Alta Perfumaria";"Compre Pistacchio Intenso - FLUY na Glitz Perfumaria com o melhor preço e fixação extrema.";"Glitz";"";""
"chocolate-intenso-100ml-fluy";"Chocolate Intenso - FLUY";"Compartilháveis";"167.00";"188.00";"0.350";"8";"8";"15";"SIM";"50";"GLZ-264508915";"";"<p>CHOCOLATE INTENSO – FLUY 🍫 Há uma linha tênue entre o irresistível e o viciante. O CHOCOLATE INTENSO foi criado para habitá-la. Não é o perfume doce que você imagina ao ouvir o nome. O protagonista é o chocolate amargo — com toda a sua complexidade, intensidade e capacidade única de despertar algo primitivo e absolutamente incontrolável em quem o sente. Uma fragr&acirc;ncia autoral da FLUY, compartilhável e magnética, para homens e mulheres que não têm medo de ser desejados.</p><p><strong>Família Olfativa:</strong> Oriental</p><p><strong>Notas de Topo:</strong> </p><p><strong>Notas de Coração:</strong> </p><p><strong>Notas de Fundo:</strong> </p>";"compartilhaveis, cítrico-gourmand-–-compartilhável, perfume, alta-fixacao, lab-8";"Chocolate Intenso - FLUY | Glitz Alta Perfumaria";"Compre Chocolate Intenso - FLUY na Glitz Perfumaria com o melhor preço e fixação extrema.";"Glitz";"";""
"perfume-fluy-afrodisia-100-ml";"Afrodisia - FLUY";"Compartilháveis";"167.00";"188.00";"0.350";"8";"8";"15";"SIM";"50";"GLZ-175249311";"";"<p>Sedução não se aprende. Se desperta. O AFRODISIA foi criado para a mulher que já carrega esse despertar dentro de si — e que só precisa do perfume certo para deixá-lo fluir com toda a sua intensidade. Uma fragr&acirc;ncia autoral e exclusiva da FLUY, doce, profunda e com uma construção &acirc;mbar floral que envolve a pele como um segredo compartilhado apenas com quem está perto o suficiente para sentir. &Acirc;mbar Floral – Feminino</p><p><strong>Família Olfativa:</strong> Oriental</p><p><strong>Notas de Topo:</strong> </p><p><strong>Notas de Coração:</strong> </p><p><strong>Notas de Fundo:</strong> </p>";"compartilhaveis, &acirc;mbar-floral-–-feminino, perfume, alta-fixacao, lab-8";"Afrodisia - FLUY | Glitz Alta Perfumaria";"Compre Afrodisia - FLUY na Glitz Perfumaria com o melhor preço e fixação extrema.";"Glitz";"";""
"perfumes-femininos-infinity-intense-woman-fluy-100ml";"Infinity Intense Women - FLUY";"Perfumes Femininos";"167.00";"188.00";"0.350";"8";"8";"15";"SIM";"50";"GLZ-169334038";"";"<p>INFINITY INTENSE WOMEN – FLUY 🌸 Sofisticação não tem limite. E este perfume foi criado para provar isso. Floral, levemente adocicada e com uma profundidade &acirc;mbar e baunilhada que se funde à pele como uma segunda natureza — elegante sem ser distante, doce sem ser ingênua, intensa sem ser exagerada. Alta fixação. Projeção intensa. Uma assinatura olfativa que permanece muito depois da sua saída.</p><p><strong>Família Olfativa:</strong> Oriental</p><p><strong>Notas de Topo:</strong> </p><p><strong>Notas de Coração:</strong> </p><p><strong>Notas de Fundo:</strong> </p>";"femininos, floral-feminino-–-feminino, perfume, alta-fixacao, lab-8";"Infinity Intense Women - FLUY | Glitz Alta Perfumaria";"Compre Infinity Intense Women - FLUY na Glitz Perfumaria com o melhor preço e fixação extrema.";"Glitz";"";""
"the-wave-100ml-fluy";"The Wave - FLUY";"Perfumes Masculinos";"167.00";"188.00";"0.350";"8";"8";"15";"SIM";"50";"GLZ-318953608";"";"<p>O perfume que transforma energia em presença. The Wave é aquele tipo de perfume que você sente e na hora pensa: &ldquo;isso aqui é verão, isso aqui é praia, isso aqui é liberdade&rdquo;. Uma fragr&acirc;ncia aquático amadeirada criada para o homem que carrega a energia do mar.</p><p><strong>Família Olfativa:</strong> Oriental</p><p><strong>Notas de Topo:</strong> </p><p><strong>Notas de Coração:</strong> </p><p><strong>Notas de Fundo:</strong> </p>";"masculinos, amadeirado-aromático, perfume, alta-fixacao, lab-8";"The Wave - FLUY | Glitz Alta Perfumaria";"Compre The Wave - FLUY na Glitz Perfumaria com o melhor preço e fixação extrema.";"Glitz";"";""
"al-zahabi-100ml";"Al Zahabi";"Linha Árabe";"177.00";"188.00";"0.350";"8";"8";"15";"SIM";"50";"GLZ-336244684";"";"<p>O ouro da perfumaria árabe Se você procura uma fragr&acirc;ncia que exala poder, sofisticação e respeito&hellip; você acabou de encontrar. O AL ZAHABI nasce da essência mais nobre da perfumaria árabe de nicho — onde intensidade, riqueza e profundidade não são exagero, são assinatura. Uma construção olfativa densa, envolvente e extremamente refinada, que combina frutas escuras, especiarias quentes e madeiras nobres em perfeita harmonia.</p><p><strong>Família Olfativa:</strong> Oriental</p><p><strong>Notas de Topo:</strong> </p><p><strong>Notas de Coração:</strong> </p><p><strong>Notas de Fundo:</strong> </p>";"arabe, chipre-amadeirado-–-masculino, perfume, alta-fixacao, lab-8";"Al Zahabi | Glitz Alta Perfumaria";"Compre Al Zahabi na Glitz Perfumaria com o melhor preço e fixação extrema.";"Glitz";"";""
"donatella-100-ml";"Donatella";"Perfumes Femininos";"147.00";"158.00";"0.350";"8";"8";"15";"SIM";"50";"GLZ-338779306";"";"<p>Há mulheres que definem épocas. E há perfumes que as definem. O DONATELLA foi criado para a mulher que carrega em si a força de quem veio antes dela e a coragem de quem está escrevendo sua própria história. Uma fragr&acirc;ncia que nasce da eleg&acirc;ncia italiana — aquela que não precisa se reinventar a cada estação porque já encontrou sua essência e não abre mão dela. Delicada na primeira impressão, mas profundamente poderosa à medida que evolui na pele. Rica, moderna e com uma construção que revela camadas ao longo do dia — exatamente como a mulher para quem foi criada. É aquele perfume que envolve, marca presença e permanece na memória muito depois da sua saída.</p><p><strong>Família Olfativa:</strong> Oriental</p><p><strong>Notas de Topo:</strong> </p><p><strong>Notas de Coração:</strong> </p><p><strong>Notas de Fundo:</strong> </p>";"femininos, amadeirado-aromático, perfume, alta-fixacao, lab-8";"Donatella | Glitz Alta Perfumaria";"Compre Donatella na Glitz Perfumaria com o melhor preço e fixação extrema.";"Glitz";"";""
"vanilla-100-ml";"Vanilla";"Linha Árabe";"177.00";"188.00";"0.350";"8";"8";"15";"SIM";"50";"GLZ-336245185";"";"<p>O lado quente e gourmand da perfumaria árabe Se você ama perfumes envolventes, doces na medida certa e absolutamente viciantes&hellip; esse aqui vai te conquistar no primeiro spray. O VANILLA revela o lado mais sofisticado e intenso da baunilha dentro da perfumaria árabe. Esqueça tudo que você conhece sobre fragr&acirc;ncias doces comuns — aqui, a baunilha aparece cremosa, profunda e elegante, envolvida por acordes ambarados e amadeirados que elevam a experiência a outro nível.</p><p><strong>Família Olfativa:</strong> Oriental</p><p><strong>Notas de Topo:</strong> </p><p><strong>Notas de Coração:</strong> </p><p><strong>Notas de Fundo:</strong> </p>";"arabe, oriental-baunilha, perfume, alta-fixacao, lab-8";"Vanilla | Glitz Alta Perfumaria";"Compre Vanilla na Glitz Perfumaria com o melhor preço e fixação extrema.";"Glitz";"";""
"blue-savana-100-ml";"Blue Savana";"Perfumes Masculinos";"147.00";"188.00";"0.350";"8";"8";"15";"SIM";"50";"GLZ-359133382";"";"<p>LANÇAMENTO: BLUE SAVANA - LAB 8 🌿 💙 Um twist moderno entre duas grandes lendas da perfumaria masculina mundial: a sofisticação das madeiras azuis e o frescor intenso das especiarias. O encontro entre eleg&acirc;ncia e intensidade.</p><p><strong>Família Olfativa:</strong> Oriental</p><p><strong>Notas de Topo:</strong> </p><p><strong>Notas de Coração:</strong> </p><p><strong>Notas de Fundo:</strong> </p>";"masculinos, amadeirado-aromático-–-masculino, perfume, alta-fixacao, lab-8";"Blue Savana | Glitz Alta Perfumaria";"Compre Blue Savana na Glitz Perfumaria com o melhor preço e fixação extrema.";"Glitz";"";""
"zafar-100-ml";"Zafar";"Linha Árabe";"177.00";"188.00";"0.350";"8";"8";"15";"SIM";"50";"GLZ-336245484";"";"<p>A Essência da Intensidade Árabe. Se você quer um perfume que domina o ambiente, impõe presença e não passa despercebido&hellip; esse é o seu território. O ZAFAR é a tradução máxima da perfumaria árabe intensa: uma fragr&acirc;ncia rica, opulenta e extremamente complexa, construída com camadas que evoluem na pele de forma hipnótica. Frutas densas, especiarias quentes, oud poderoso e uma base resinosa profunda criam uma assinatura marcante, exótica e sofisticada.</p><p><strong>Família Olfativa:</strong> Oriental</p><p><strong>Notas de Topo:</strong> </p><p><strong>Notas de Coração:</strong> </p><p><strong>Notas de Fundo:</strong> </p>";"arabe, oriental-amadeirado-–-masculino, perfume, alta-fixacao, lab-8";"Zafar | Glitz Alta Perfumaria";"Compre Zafar na Glitz Perfumaria com o melhor preço e fixação extrema.";"Glitz";"";""
"eau-de-dominique-100-ml-fluy";"Eau de Dominique - FLUY";"Compartilháveis";"167.00";"188.00";"0.350";"8";"8";"15";"SIM";"50";"GLZ-296207498";"";"<p>EAU DE DOMINIQUE – FLUY 🌻🦒 Há momentos que não precisam de palavras para serem eternos. O cheiro do bebê após o banho. A fragr&acirc;ncia que fica no travesseiro. O perfume que uma criança carrega consigo e que, décadas depois, ainda é capaz de trazer de volta toda a magia de uma fase que passa rápido demais.</p><p><strong>Família Olfativa:</strong> Oriental</p><p><strong>Notas de Topo:</strong> </p><p><strong>Notas de Coração:</strong> </p><p><strong>Notas de Fundo:</strong> </p>";"compartilhaveis, amadeirado-aromático, perfume, alta-fixacao, lab-8";"Eau de Dominique - FLUY | Glitz Alta Perfumaria";"Compre Eau de Dominique - FLUY na Glitz Perfumaria com o melhor preço e fixação extrema.";"Glitz";"";""
"cherry-intense-100-ml-fluy";"Cherry Intense - FLUY";"Perfumes Femininos";"167.00";"188.00";"0.350";"8";"8";"15";"SIM";"50";"GLZ-298742002";"";"<p>CHERRY INTENSE – FLUY 🍒 Doce não é fraqueza. É uma escolha de quem sabe o que quer. O CHERRY INTENSE foi criado para quem abraça o gourmand com confiança e sem desculpas — uma fragr&acirc;ncia autoral da FLUY que equilibra intensidade e leveza, modernidade e eleg&acirc;ncia, em uma composição frutada e gourmand simplesmente impossível de ignorar. Compartilhável, versátil e com uma personalidade tão marcante quanto o rastro que deixa.</p><p><strong>Família Olfativa:</strong> Oriental</p><p><strong>Notas de Topo:</strong> </p><p><strong>Notas de Coração:</strong> </p><p><strong>Notas de Fundo:</strong> </p>";"femininos, frutal-gourmand-–-compartilhável, perfume, alta-fixacao, lab-8";"Cherry Intense - FLUY | Glitz Alta Perfumaria";"Compre Cherry Intense - FLUY na Glitz Perfumaria com o melhor preço e fixação extrema.";"Glitz";"";""
"audaz-by-bil-araujo-100-ml";"Audaz By Bil Araújo";"Perfumes Masculinos";"187.00";"220.00";"0.350";"8";"8";"15";"SIM";"50";"GLZ-304414908";"";"<p>AUDAZ por Bil Araújo – FLUY 🔱 Coragem não é a ausência do medo. É a escolha de seguir em frente mesmo assim. O AUDAZ nasceu dessa filosofia. Uma fragr&acirc;ncia autoral e exclusiva da FLUY, criada em parceria com Bil Araújo — para quem vive com atitude, que não pede permissão para ocupar seu espaço e que entende que autenticidade é a forma mais poderosa de presença. Compartilhável, intenso e com uma construção amadeirada que combina força e sofisticação em proporções absolutamente perfeitas.</p><p><strong>Família Olfativa:</strong> Oriental</p><p><strong>Notas de Topo:</strong> </p><p><strong>Notas de Coração:</strong> </p><p><strong>Notas de Fundo:</strong> </p>";"masculinos, amadeirado-aromático, perfume, alta-fixacao, lab-8";"Audaz By Bil Araújo | Glitz Alta Perfumaria";"Compre Audaz By Bil Araújo na Glitz Perfumaria com o melhor preço e fixação extrema.";"Glitz";"";""
"solene-100-ml";"Solène";"Perfumes Femininos";"147.00";"188.00";"0.350";"8";"8";"15";"SIM";"50";"GLZ-359128366";"";"<p>LANÇAMENTO: SOL&Egrave;NE LAB 8 ☀️ Para mulheres que entendem que a verdadeira eleg&acirc;ncia começa na liberdade. SOL&Egrave;NE foi criado para a mulher que carrega A eleg&acirc;ncia como parte da sua essência. Uma fragr&acirc;ncia luminosa, intensa e sofisticada que traduz com precisão olfativa o que significa se destacar naturalmente, sem esforço, sem exagero. Apenas presença. Inspirado na sofisticação de mulheres confiantes, SOL&Egrave;NE encontra sua própria identidade na pele, revelando uma assinatura olfativa elegante, envolvente e absolutamente inesquecível.</p><p><strong>Família Olfativa:</strong> Oriental</p><p><strong>Notas de Topo:</strong> </p><p><strong>Notas de Coração:</strong> </p><p><strong>Notas de Fundo:</strong> </p>";"femininos, oriental-foug&egrave;re-–-feminino, perfume, alta-fixacao, lab-8";"Solène | Glitz Alta Perfumaria";"Compre Solène na Glitz Perfumaria com o melhor preço e fixação extrema.";"Glitz";"";""
"soul-me-100-ml";"Soul Me by Carina Albamonte";"Perfumes Femininos";"187.00";"220.00";"0.350";"8";"8";"15";"SIM";"50";"GLZ-364397710";"";"<p>SOUL ME – BY CARINA ALBAMONTE • FLUY ✨ Para  marcar  presença  e  permanecer  na  memória.  Soul  Me  é  a  nova  assinatura  olfativa  de Carina Albamonte, em um lançamento exclusivo da FLUY. Frutado,  floral  e  adocicado,  ele  combina  o  frescor  vibrante  das  frutas  com  a  delicadeza  das flores  e  um  fundo  quente,  envolvente  e  irresistível.  Uma  fragr&acirc;ncia  que  evolui  na  pele  ao  longo do  dia,  revelando  novas  camadas  a  cada  momento, do  brilho  surpreendente  da  abertura  à presença marcante do fundo.</p><p><strong>Família Olfativa:</strong> Oriental</p><p><strong>Notas de Topo:</strong> </p><p><strong>Notas de Coração:</strong> </p><p><strong>Notas de Fundo:</strong> </p>";"femininos, amadeirado-aromático, perfume, alta-fixacao, lab-8";"Soul Me by Carina Albamonte | Glitz Alta Perfumaria";"Compre Soul Me by Carina Albamonte na Glitz Perfumaria com o melhor preço e fixação extrema.";"Glitz";"";""